{
  "name": "mcdm-companions-followers",
  "title": "MCDM Companions & Followers Sheets",
  "description": "Adds a number of MCDM NPC sheets for Companions, retainers",
  "version": "0.0.3",
  "minimumCoreVersion": "9.245",
  "compatibleCoreVersion": "9",
  "author": "EndlesNights#9000",
  "systems": ["dnd5e"],
  "esmodules": ["/companions-followers.js"],
  "styles": ["./css/companions-followers.css"],
  "packs": [],
  "languages": [
      {
        "lang": "en",
        "name": "English",
        "path": "lang/en.json"
      }
  ],
"url": "https://github.com/EndlesNights/mcdm-companions-followers",
"manifest": "https://raw.githubusercontent.com/EndlesNights/mcdm-companions-followers/main/module.json",
"download": "https://github.com/EndlesNights/mcdm-companions-followers/raw/main/mcdm-companions-followers.zip"
}
