{
  "name": "mcdm-companions-followers",
  "title": "Companions & Followers Sheets",
  "description": "Implements support for a number of MCDM's mechanicals rules including: Companions, Caregivers and Retainers. Forked from original version by EndlesNights#9000",
  "version": "1.0.2",
  "minimumCoreVersion": "11",
  "compatibleCoreVersion": "11",
  "author": "ceasefyre",
  "systems": ["dnd5e"],
  "esmodules": ["/companions-followers.js"],
  "styles": ["./css/companions-followers.css"],
  "packs": [],
  "languages": [
      {
        "lang": "en",
        "name": "English",
        "path": "lang/en.json"
      }
  ],
"url": "https://github.com/ceasefyre/mcdm-companions-followers",
"manifest": "https://raw.githubusercontent.com/ceasefyre/mcdm-companions-followers/main/module.json",
"download": "https://github.com/ceasefyre/mcdm-companions-followers/raw/main/mcdm-companions-followers.zip"
}
